INSERT INTO PRODUCTO (nombre, tipo, precio) VALUES 
('Baguette', 'Salado', 1.20),
('Croissant', 'Dulce', 1.50),
('Pan de centeno', 'Salado', 2.50),
('Magdalena', 'Dulce', 1.00),
('Empanada', 'Salado', 2.80),
('Tarta de manzana', 'Dulce', 15.00),
('Pan integral', 'Salado', 3.00),
('Bizcocho', 'Dulce', 2.00),
('Galleta de avena', 'Dulce', 1.20),
('Chapata', 'Salado', 1.80),
('Rosca', 'Dulce', 1.50),
('Donut', 'Dulce', 1.00),
('Pan de molde', 'Salado', 2.00),
('Eclair', 'Dulce', 1.50),
('Pastel de chocolate', 'Dulce', 3.00),
('Pan de ajo', 'Salado', 1.50),
('Pan de queso', 'Salado', 2.00),
('Tarta de fresas', 'Dulce', 12.00),
('Pan rústico', 'Salado', 2.20),
('Brownie', 'Dulce', 2.50),
('Pan de nueces', 'Salado', 2.80),
('Galleta de chispas de chocolate', 'Dulce', 1.50),
('Focaccia', 'Salado', 2.50),
('Pan de aceitunas', 'Salado', 2.80),
('Brioche', 'Dulce', 1.80),
('Pan pita', 'Salado', 1.20),
('Strudel', 'Dulce', 3.00),
('Empanadilla', 'Salado', 1.50),
('Tarta de queso', 'Dulce', 15.00),
('Pan de leche', 'Dulce', 1.00),
('Tarta de limón', 'Dulce', 12.00),
('Pan de espelta', 'Salado', 3.00),
('Macaron', 'Dulce', 0.80),
('Pan de calabaza', 'Salado', 2.50),
('Pan de semillas', 'Salado', 3.00),
('Croissant de almendra', 'Dulce', 2.00),
('Pan de maíz', 'Salado', 1.50),
('Tarta de zanahoria', 'Dulce', 15.00),
('Pan de centeno con pasas', 'Salado', 2.80),
('Pan de frutas', 'Dulce', 2.50),
('Pan de harina integral', 'Salado', 2.50),
('Pan de avena', 'Salado', 2.50),
('Pan con ajo y hierbas', 'Salado', 1.50),
('Pan con semillas de amapola', 'Salado', 2.00),
('Tarta de arándanos', 'Dulce', 15.00),
('Pan con pasas y nueces', 'Dulce', 2.80),
('Galleta de avena con pasas', 'Dulce', 1.50),
('Pan de espelta con semillas', 'Salado', 3.00),
('Donut de chocolate', 'Dulce', 1.50),
('Pan integral con chía', 'Salado', 3.20);

INSERT INTO CLIENTE (direccion, nombre, apellido1, apellido2) VALUES 
('Calle Falsa 123', 'Ana', 'García', 'López'),
('Avenida Siempreviva 742', 'Luis', 'Martínez', 'Pérez'),
('Plaza Mayor 5', 'María', 'Fernández', 'Gómez'),
('Calle del Sol 8', 'Carlos', 'Ruiz', 'Sánchez'),
('Calle Luna 3', 'Laura', 'Díaz', 'Morales'),
('Avenida del Mar 12', 'David', 'Hernández', 'Torres'),
('Calle del Río 9', 'Marta', 'Jiménez', 'Ramírez'),
('Plaza del Ángel 2', 'Pedro', 'Vega', 'Navarro'),
('Calle Nueva 11', 'Sara', 'Molina', 'Reyes'),
('Avenida del Bosque 7', 'Jorge', 'Ortiz', 'Cruz'),
('Calle Castilla 14', 'Roberto', 'González', 'Álvarez'),
('Calle Navarra 21', 'Paula', 'Ramírez', 'Santos'),
('Plaza de la Libertad 1', 'José', 'Rey', 'Romero'),
('Calle Princesa 8', 'Inés', 'Soler', 'Ferrer'),
('Calle Reina 16', 'Pablo', 'Nieto', 'Paredes'),
('Avenida Europa 4', 'Beatriz', 'Vargas', 'Carrasco'),
('Calle Mayor 7', 'Sergio', 'Prieto', 'Ferrero'),
('Calle Menor 10', 'Julia', 'Herrero', 'Blanco'),
('Calle Pequeña 18', 'Alberto', 'Mora', 'Escribano'),
('Avenida de la Paz 3', 'Silvia', 'Crespo', 'Molina'),
('Plaza de la Concordia 6', 'Antonio', 'Roldán', 'Serrano'),
('Calle de la Igualdad 12', 'Clara', 'Franco', 'Gallardo'),
('Calle del Trabajo 15', 'Marina', 'Sanz', 'Alonso'),
('Avenida de los Pinos 9', 'Felipe', 'Bello', 'Jiménez'),
('Calle de los Olmos 17', 'Helena', 'Campos', 'Lara'),
('Calle de las Flores 5', 'Teresa', 'Pérez', 'León'),
('Calle del Mar 2', 'Joaquín', 'Méndez', 'Román'),
('Calle del Sol 8', 'Iván', 'Martínez', 'Vicente'),
('Calle de la Luna 3', 'Irene', 'Martín', 'Sáez'),
('Calle de las Estrellas 4', 'Andrea', 'Ruiz', 'Guerrero'),
('Calle de los Planetas 7', 'Óscar', 'López', 'Santos'),
('Calle de las Galaxias 9', 'Sofía', 'Álvarez', 'Sierra'),
('Calle del Universo 1', 'Hugo', 'Díaz', 'Marín'),
('Calle de los Cometas 10', 'Alba', 'Pérez', 'Soto'),
('Calle de las Constelaciones 5', 'Lucas', 'Giménez', 'Ríos'),
('Calle del Bosque 12', 'Eva', 'Ibáñez', 'Rodríguez'),
('Calle del Árbol 14', 'Pablo', 'Gallego', 'González'),
('Calle de las Flores 15', 'Rosa', 'Garrido', 'Delgado'),
('Calle del Río 16', 'Tomás', 'Moreno', 'Castillo'),
('Calle del Campo 8', 'Vicente', 'Ortega', 'Ruiz'),
('Calle del Prado 7', 'Elisa', 'Pardo', 'Rodríguez'),
('Calle de los Molinos 9', 'Mario', 'Gil', 'Sánchez'),
('Calle de los Pinos 10', 'Victoria', 'Ramos', 'López'),
('Calle de las Nubes 11', 'Raquel', 'Suárez', 'Moreno'),
('Calle del Trueno 12', 'Javier', 'Serrano', 'Vega'),
('Calle de la Tormenta 13', 'Miriam', 'Martín', 'Fernández'),
('Calle de la Lluvia 14', 'Roberto', 'Alonso', 'Hernández'),
('Calle del Relámpago 15', 'Nuria', 'Ortiz', 'Martín'),
('Calle del Rayo 16', 'Alfredo', 'Gómez', 'Díaz'),
('Avenida del Faro 18', 'Sonia', 'Cano', 'Benítez');

INSERT INTO TELEFONO (numTelefono, idCliente) VALUES 
('11112222', 1), ('11112223', 1), ('11112224', 1),
('22223333', 2), ('22223334', 2), ('22223335', 2),
('33334444', 3), ('33334445', 3), ('33334446', 3),
('44445555', 4), ('44445556', 4), ('44445557', 4),
('55556666', 5), ('55556667', 5), ('55556668', 5),
('66667777', 6), ('66667778', 6), ('66667779', 6),
('77778888', 7), ('77778889', 7), ('77778880', 7),
('88889999', 8), ('88889990', 8), ('88889991', 8),
('99990000', 9), ('99990001', 9), ('99990002', 9),
('00001111', 10), ('00001112', 10), ('00001113', 10),
('11111111', 11), ('11111112', 11), ('11111113', 11),
('22222222', 12), ('22222223', 12), ('22222224', 12),
('33333333', 13), ('33333334', 13), ('33333335', 13),
('44444444', 14), ('44444445', 14), ('44444446', 14),
('55555555', 15), ('55555556', 15), ('55555557', 15),
('66666666', 16), ('66666667', 16), ('66666668', 16),
('77777777', 17), ('77777778', 17), ('77777779', 17),
('88888888', 18), ('88888889', 18), ('88888880', 18),
('99999999', 19), ('99999990', 19), ('99999991', 19),
('00000000', 20), ('00000001', 20), ('00000002', 20),
('11223344', 21), ('11223345', 21), ('11223346', 21),
('22334455', 22), ('22334456', 22), ('22334457', 22),
('33445566', 23), ('33445567', 23), ('33445568', 23),
('44556677', 24), ('44556678', 24), ('44556679', 24),
('55667788', 25), ('55667789', 25), ('55667790', 25),
('66778899', 26), ('66778900', 26), ('66778901', 26),
('77889900', 27), ('77889901', 27), ('77889902', 27),
('88990011', 28), ('88990012', 28), ('88990013', 28),
('99001122', 29), ('99001123', 29), ('99001124', 29),
('00112233', 30), ('00112234', 30), ('00112235', 30),
('11223344', 31), ('11223345', 31), ('11223346', 31),
('22334455', 32), ('22334456', 32), ('22334457', 32),
('33445566', 33), ('33445567', 33), ('33445568', 33),
('44556677', 34), ('44556678', 34), ('44556679', 34),
('55667788', 35), ('55667789', 35), ('55667790', 35),
('66778899', 36), ('66778900', 36), ('66778901', 36),
('77889900', 37), ('77889901', 37), ('77889902', 37),
('88990011', 38), ('88990012', 38), ('88990013', 38),
('99001122', 39), ('99001123', 39), ('99001124', 39),
('00112233', 40), ('00112234', 40), ('00112235', 40),
('11223344', 41), ('11223345', 41), ('11223346', 41),
('22334455', 42), ('22334456', 42), ('22334457', 42),
('33445566', 43), ('33445567', 43), ('33445568', 43),
('44556677', 44), ('44556678', 44), ('44556679', 44),
('55667788', 45), ('55667789', 45), ('55667790', 45),
('66778899', 46), ('66778900', 46), ('66778901', 46),
('77889900', 47), ('77889901', 47), ('77889902', 47),
('88990011', 48), ('88990012', 48), ('88990013', 48),
('99001122', 49), ('99001123', 49), ('99001124', 49),
('00112233', 50), ('00112234', 50), ('00112235', 50);

INSERT INTO EMPLEADO (dni, salario, fnac, nombre, encargado) VALUES 
('12345678A', 2500.00, '1985-05-14', 'Juan', NULL),
('23456789B', 2000.00, '1990-07-20', 'Lucía', '12345678A'),
('34567890C', 2200.00, '1988-01-10', 'Miguel', '12345678A'),
('45678901D', 1800.00, '1995-03-05', 'Elena', '12345678A'),
('56789012E', 2100.00, '1992-12-24', 'Alberto', '23456789B'),
('67890123F', 2300.00, '1987-09-14', 'Raquel', '23456789B'),
('78901234G', 2400.00, '1986-06-18', 'Marcos', '34567890C'),
('89012345H', 2600.00, '1984-11-27', 'Sara', '34567890C'),
('90123456I', 1900.00, '1993-08-07', 'Pablo', '45678901D'),
('01234567J', 2200.00, '1991-02-19', 'Laura', '56789012E'),
('11112222K', 2500.00, '1980-05-12', 'Carlos', '23456789B'),
('22223333L', 2300.00, '1992-11-20', 'Ana', '34567890C'),
('33334444M', 2400.00, '1984-07-15', 'Luis', '45678901D'),
('44445555N', 2000.00, '1990-10-10', 'María', '56789012E'),
('55556666O', 2200.00, '1986-08-25', 'Javier', '67890123F'),
('66667777P', 2100.00, '1993-02-05', 'Paula', '78901234G'),
('77778888Q', 2300.00, '1989-03-18', 'Raúl', '89012345H'),
('88889999R', 2500.00, '1987-04-22', 'Marta', '90123456I'),
('99990000S', 2200.00, '1991-06-14', 'Miguel', '01234567J'),
('00001111T', 2400.00, '1995-01-09', 'Carmen', '12345678A'),
('11112222U', 2500.00, '1983-05-18', 'Antonio', '23456789B'),
('22223333V', 2000.00, '1992-07-14', 'Laura', '34567890C'),
('33334444W', 2200.00, '1988-02-24', 'Pedro', '45678901D'),
('44445555X', 1800.00, '1996-08-30', 'Lucía', '56789012E'),
('55556666Y', 2100.00, '1990-12-19', 'Alejandro', '67890123F'),
('66667777Z', 2300.00, '1987-09-01', 'Cristina', '78901234G'),
('77778888A', 2400.00, '1985-04-25', 'Sergio', '89012345H'),
('88889999B', 2600.00, '1982-11-11', 'Nuria', '90123456I'),
('99990000C', 1900.00, '1994-03-13', 'Andrés', '01234567J'),
('00001111D', 2200.00, '1991-12-05', 'Silvia', '12345678A'),
('11112222E', 2500.00, '1980-06-18', 'Francisco', '23456789B'),
('22223333F', 2300.00, '1992-08-20', 'Natalia', '34567890C'),
('33334444G', 2400.00, '1984-09-11', 'Diego', '45678901D'),
('44445555H', 2000.00, '1990-10-27', 'Patricia', '56789012E'),
('55556666I', 2200.00, '1986-01-25', 'David', '67890123F'),
('66667777J', 2100.00, '1993-07-05', 'Elisa', '78901234G'),
('77778888K', 2300.00, '1989-05-11', 'Ricardo', '89012345H'),
('88889999L', 2500.00, '1987-11-03', 'Miriam', '90123456I'),
('99990000M', 2200.00, '1991-01-14', 'Victor', '01234567J'),
('00001111N', 2400.00, '1995-12-25', 'Sandra', '12345678A'),
('11112222O', 2500.00, '1983-03-16', 'Luis', '23456789B'),
('22223333P', 2000.00, '1992-07-21', 'Eva', '34567890C'),
('33334444Q', 2200.00, '1988-10-01', 'Daniel', '45678901D'),
('44445555R', 1800.00, '1996-05-20', 'Isabel', '56789012E'),
('55556666S', 2100.00, '1990-04-10', 'Alejandro', '67890123F'),
('66667777T', 2300.00, '1987-02-02', 'Claudia', '78901234G'),
('77778888U', 2400.00, '1985-11-27', 'Andrés', '89012345H'),
('88889999V', 2600.00, '1982-06-18', 'Nuria', '90123456I');

INSERT INTO PANADERO (dni) VALUES 
('12345678A'), ('23456789B'), ('34567890C'), 
('45678901D'), ('56789012E'), ('67890123F'), 
('78901234G'), ('89012345H'), ('90123456I'), 
('01234567J');

INSERT INTO DEPENDIENTE (dni, horario) VALUES 
('11112222K', '8:00-16:00'), 
('22223333L', '9:00-17:00'), 
('33334444M', '10:00-18:00'), 
('44445555N', '11:00-19:00'), 
('55556666O', '12:00-20:00'), 
('66667777P', '13:00-21:00'), 
('77778888Q', '14:00-22:00'), 
('88889999R', '15:00-23:00'), 
('99990000S', '16:00-24:00'), 
('00001111T', '7:00-15:00');

INSERT INTO REPARTIDOR (dni, matricula) VALUES 
('11112222U', 'ABC1234'), 
('22223333V', 'DEF5678'), 
('33334444W', 'GHI9012'), 
('44445555X', 'JKL3456'), 
('55556666Y', 'MNO7890'), 
('66667777Z', 'PQR1234'), 
('77778888A', 'STU5678'), 
('88889999B', 'VWX9012'), 
('99990000C', 'YZA3456'), 
('00001111D', 'BCD7890');

INSERT INTO COMPRA (fecha, idCliente, dniDependiente, descuentoDependiente, fechaDependiente, dniRepartidor, fechaRepartidor, horaRepartidor) VALUES 
('2024-01-01', 1, '11112222K', 5.00, '2024-01-01', '11112222U', '2024-01-01', '10:00:00'),
('2024-01-02', 2, '22223333L', 10.00, '2024-01-02', '22223333V', '2024-01-02', '11:00:00'),
('2024-01-03', 3, '33334444M', 7.50, '2024-01-03', '33334444W', '2024-01-03', '12:00:00'),
('2024-01-04', 4, '44445555N', 3.00, '2024-01-04', '44445555X', '2024-01-04', '13:00:00'),
('2024-01-05', 5, '55556666O', 8.00, '2024-01-05', '55556666Y', '2024-01-05', '14:00:00'),
('2024-01-06', 6, '66667777P', 4.00, '2024-01-06', '66667777Z', '2024-01-06', '15:00:00'),
('2024-01-07', 7, '77778888Q', 6.50, '2024-01-07', '77778888A', '2024-01-07', '16:00:00'),
('2024-01-08', 8, '88889999R', 9.00, '2024-01-08', '88889999B', '2024-01-08', '17:00:00'),
('2024-01-09', 9, '99990000S', 12.00, '2024-01-09', '99990000C', '2024-01-09', '18:00:00'),
('2024-01-10', 10, '00001111T', 15.00, '2024-01-10', '00001111D', '2024-01-10', '19:00:00'),
('2024-01-11', 11, '11112222K', 5.00, '2024-01-11', '11112222U', '2024-01-11', '10:00:00'),
('2024-01-12', 12, '22223333L', 10.00, '2024-01-12', '22223333V', '2024-01-12', '11:00:00'),
('2024-01-13', 13, '33334444M', 7.50, '2024-01-13', '33334444W', '2024-01-13', '12:00:00'),
('2024-01-14', 14, '44445555N', 3.00, '2024-01-14', '44445555X', '2024-01-14', '13:00:00'),
('2024-01-15', 15, '55556666O', 8.00, '2024-01-15', '55556666Y', '2024-01-15', '14:00:00'),
('2024-01-16', 16, '66667777P', 4.00, '2024-01-16', '66667777Z', '2024-01-16', '15:00:00'),
('2024-01-17', 17, '77778888Q', 6.50, '2024-01-17', '77778888A', '2024-01-17', '16:00:00'),
('2024-01-18', 18, '88889999R', 9.00, '2024-01-18', '88889999B', '2024-01-18', '17:00:00'),
('2024-01-19', 19, '99990000S', 12.00, '2024-01-19', '99990000C', '2024-01-19', '18:00:00'),
('2024-01-20', 20, '00001111T', 15.00, '2024-01-20', '00001111D', '2024-01-20', '19:00:00'),
('2024-01-21', 21, '11112222K', 5.00, '2024-01-21', '11112222U', '2024-01-21', '10:00:00'),
('2024-01-22', 22, '22223333L', 10.00, '2024-01-22', '22223333V', '2024-01-22', '11:00:00'),
('2024-01-23', 23, '33334444M', 7.50, '2024-01-23', '33334444W', '2024-01-23', '12:00:00'),
('2024-01-24', 24, '44445555N', 3.00, '2024-01-24', '44445555X', '2024-01-24', '13:00:00'),
('2024-01-25', 25, '55556666O', 8.00, '2024-01-25', '55556666Y', '2024-01-25', '14:00:00'),
('2024-01-26', 26, '66667777P', 4.00, '2024-01-26', '66667777Z', '2024-01-26', '15:00:00'),
('2024-01-27', 27, '77778888Q', 6.50, '2024-01-27', '77778888A', '2024-01-27', '16:00:00'),
('2024-01-28', 28, '88889999R', 9.00, '2024-01-28', '88889999B', '2024-01-28', '17:00:00'),
('2024-01-29', 29, '99990000S', 12.00, '2024-01-29', '99990000C', '2024-01-29', '18:00:00'),
('2024-01-30', 30, '00001111T', 15.00, '2024-01-30', '00001111D', '2024-01-30', '19:00:00'),
('2024-01-31', 31, '11112222K', 5.00, '2024-01-31', '11112222U', '2024-01-31', '10:00:00'),
('2024-02-01', 32, '22223333L', 10.00, '2024-02-01', '22223333V', '2024-02-01', '11:00:00'),
('2024-02-02', 33, '33334444M', 7.50, '2024-02-02', '33334444W', '2024-02-02', '12:00:00'),
('2024-02-03', 34, '44445555N', 3.00, '2024-02-03', '44445555X', '2024-02-03', '13:00:00'),
('2024-02-04', 35, '55556666O', 8.00, '2024-02-04', '55556666Y', '2024-02-04', '14:00:00'),
('2024-02-05', 36, '66667777P', 4.00, '2024-02-05', '66667777Z', '2024-02-05', '15:00:00'),
('2024-02-06', 37, '77778888Q', 6.50, '2024-02-06', '77778888A', '2024-02-06', '16:00:00'),
('2024-02-07', 38, '88889999R', 9.00, '2024-02-07', '88889999B', '2024-02-07', '17:00:00'),
('2024-02-08', 39, '99990000S', 12.00, '2024-02-08', '99990000C', '2024-02-08', '18:00:00'),
('2024-02-09', 40, '00001111T', 15.00, '2024-02-09', '00001111D', '2024-02-09', '19:00:00'),
('2024-02-10', 41, '11112222K', 5.00, '2024-02-10', '11112222U', '2024-02-10', '10:00:00'),
('2024-02-11', 42, '22223333L', 10.00, '2024-02-11', '22223333V', '2024-02-11', '11:00:00'),
('2024-02-12', 43, '33334444M', 7.50, '2024-02-12', '33334444W', '2024-02-12', '12:00:00'),
('2024-02-13', 44, '44445555N', 3.00, '2024-02-13', '44445555X', '2024-02-13', '13:00:00'),
('2024-02-14', 45, '55556666O', 8.00, '2024-02-14', '55556666Y', '2024-02-14', '14:00:00'),
('2024-02-15', 46, '66667777P', 4.00, '2024-02-15', '66667777Z', '2024-02-15', '15:00:00'),
('2024-02-16', 47, '77778888Q', 6.50, '2024-02-16', '77778888A', '2024-02-16', '16:00:00'),
('2024-02-17', 48, '88889999R', 9.00, '2024-02-17', '88889999B', '2024-02-17', '17:00:00'),
('2024-02-18', 49, '99990000S', 12.00, '2024-02-18', '99990000C', '2024-02-18', '18:00:00'),
('2024-02-19', 50, '00001111T', 15.00, '2024-02-19', '00001111D', '2024-02-19', '19:00:00');

INSERT INTO LINEA_DE_TICKET (numCompra, numLinea, codProducto, cantidad) VALUES 
(1, 1, 1, 2), (1, 2, 2, 1), (1, 3, 3, 4),
(2, 1, 4, 2), (2, 2, 5, 1), (2, 3, 6, 3),
(3, 1, 7, 2), (3, 2, 8, 1), (3, 3, 9, 4),
(4, 1, 10, 2), (4, 2, 11, 1), (4, 3, 12, 3),
(5, 1, 13, 2), (5, 2, 14, 1), (5, 3, 15, 4),
(6, 1, 16, 2), (6, 2, 17, 1), (6, 3, 18, 3),
(7, 1, 19, 2), (7, 2, 20, 1), (7, 3, 21, 4),
(8, 1, 22, 2), (8, 2, 23, 1), (8, 3, 24, 3),
(9, 1, 25, 2), (9, 2, 26, 1), (9, 3, 27, 4),
(10, 1, 28, 2), (10, 2, 29, 1), (10, 3, 30, 3),
(11, 1, 31, 2), (11, 2, 32, 1), (11, 3, 33, 4),
(12, 1, 34, 2), (12, 2, 35, 1), (12, 3, 36, 3),
(13, 1, 37, 2), (13, 2, 38, 1), (13, 3, 39, 4),
(14, 1, 40, 2), (14, 2, 41, 1), (14, 3, 42, 3),
(15, 1, 43, 2), (15, 2, 44, 1), (15, 3, 45, 4),
(16, 1, 46, 2), (16, 2, 47, 1), (16, 3, 48, 3),
(17, 1, 49, 2), (17, 2, 50, 1);


INSERT INTO AJENO (codigo) VALUES 
(1), (3), (5), (7), (9), (11), (13), (15), 
(17), (19), (21), (23), (25), (27), (29), 
(31), (33), (35), (37), (39), (41), (43), 
(45), (47), (49);

INSERT INTO PROPIO (codigo) VALUES 
(2), (4), (6), (8), (10), (12), (14), (16), 
(18), (20), (22), (24), (26), (28), (30), 
(32), (34), (36), (38), (40), (42), (44), 
(46), (48), (50);

INSERT INTO HACER (codProdPropio, dniPanadero) VALUES 
(2, '12345678A'), (4, '23456789B'), (6, '34567890C'),
(8, '45678901D'), (10, '56789012E'), (12, '67890123F'),
(14, '78901234G'), (16, '89012345H'), (18, '90123456I'),
(20, '01234567J'), (22, '12345678A'), (24, '23456789B'),
(26, '34567890C'), (28, '45678901D'), (30, '56789012E'),
(32, '67890123F'), (34, '78901234G'), (36, '89012345H'),
(38, '90123456I'), (40, '01234567J'), (42, '12345678A'),
(44, '23456789B'), (46, '34567890C'), (48, '45678901D'),
(50, '56789012E');

INSERT INTO PROVEEDOR (nombre) VALUES 
('Panadería del Sol'), ('Pastelería La Dulce Vida'), 
('Distribuidora de Harinas'), ('Proveedor de Lácteos'), 
('Pan y Pasteles S.A.'), ('Alimentos Selectos'), 
('Granos y Semillas'), ('Distribuidora de Cacao'), 
('Proveedor de Azúcar'), ('Panaderos Unidos');

INSERT INTO INGREDIENTE (nombre, descripcion) VALUES 
('Harina', 'Harina de trigo refinada'), 
('Azúcar', 'Azúcar blanco refinado'), 
('Levadura', 'Levadura fresca para pan'), 
('Sal', 'Sal de mesa'), 
('Mantequilla', 'Mantequilla sin sal'), 
('Huevos', 'Huevos frescos de granja'), 
('Leche', 'Leche entera'), 
('Chocolate', 'Chocolate negro para repostería'), 
('Canela', 'Canela molida'), 
('Vainilla', 'Extracto de vainilla puro'), 
('Almendras', 'Almendras crudas sin sal'), 
('Nueces', 'Nueces troceadas'), 
('Pasas', 'Pasas de uva'), 
('Coco rallado', 'Coco deshidratado y rallado'), 
('Harina integral', 'Harina de trigo integral'), 
('Avena', 'Avena en hojuelas'), 
('Arándanos secos', 'Arándanos deshidratados'), 
('Miel', 'Miel pura de abeja'), 
('Café', 'Café molido para repostería'), 
('Leche condensada', 'Leche entera condensada'), 
('Leche evaporada', 'Leche evaporada'), 
('Maicena', 'Harina de maíz'), 
('Aceite de girasol', 'Aceite de girasol refinado'), 
('Esencia de almendra', 'Esencia de almendra concentrada'), 
('Azúcar glas', 'Azúcar pulverizado para decoración'), 
('Queso crema', 'Queso crema para repostería'), 
('Yogur', 'Yogur natural sin azúcar'), 
('Ralladura de limón', 'Ralladura de limón fresco'), 
('Zumo de naranja', 'Zumo de naranja natural'), 
('Ron', 'Ron oscuro para repostería'), 
('Ralladura de naranja', 'Ralladura de naranja fresco'), 
('Leche de coco', 'Leche de coco para cocinar'), 
('Pepitas de chocolate', 'Pepitas de chocolate negro'), 
('Leche de almendra', 'Leche de almendra para cocinar'), 
('Masa madre', 'Masa madre para pan'), 
('Harina de maíz', 'Harina de maíz fina'), 
('Sésamo', 'Semillas de sésamo'), 
('Chía', 'Semillas de chía'), 
('Jarabe de arce', 'Jarabe de arce puro'), 
('Espelta', 'Harina de espelta integral'), 
('Azúcar moreno', 'Azúcar moreno de caña'), 
('Frutos rojos', 'Mezcla de frutos rojos deshidratados'), 
('Harina de arroz', 'Harina de arroz refinada'), 
('Leche de soja', 'Leche de soja para cocinar'), 
('Vainilla en polvo', 'Vainilla en polvo concentrada'), 
('Proteína en polvo', 'Proteína en polvo para repostería'), 
('Stevia', 'Edulcorante natural de stevia'), 
('Aguacate', 'Aguacate fresco para cocinar'), 
('Plátano', 'Plátano maduro para repostería'), 
('Crema de cacahuete', 'Crema de cacahuete natural'), 
('Fruta confitada', 'Frutas confitadas para decoración'), 
('Harina de almendra', 'Harina de almendra fina'), 
('Clara de huevo', 'Clara de huevo pasteurizada'), 
('Harina de coco', 'Harina de coco deshidratada'), 
('Cacao en polvo', 'Cacao en polvo sin azúcar'), 
('Sal marina', 'Sal marina sin refinar'), 
('Polvo de hornear', 'Polvo de hornear para repostería'), 
('Bicarbonato de sodio', 'Bicarbonato de sodio para repostería'), 
('Aceite de oliva', 'Aceite de oliva virgen extra'), 
('Azúcar de coco', 'Azúcar de coco natural').

INSERT INTO SUMINISTRAR (codProdAjeno, codProveedor) VALUES 
(1, 1), (3, 1), (5, 2), (7, 2), (9, 3), 
(11, 3), (13, 4), (15, 4), (17, 5), (19, 5), 
(21, 6), (23, 6), (25, 7), (27, 7), (29, 8), 
(31, 8), (33, 9), (35, 9), (37, 10), (39, 10), 
(41, 1), (43, 1), (45, 2), (47, 2), (49, 3);

INSERT INTO VENDER (codProveedor, codIngrediente) VALUES 
(1, 1), (1, 2), (2, 3), (2, 4), (3, 5), 
(3, 6), (4, 7), (4, 8), (5, 9), (5, 10), 
(6, 11), (6, 12), (7, 13), (7, 14), (8, 15), 
(8, 16), (9, 17), (9, 18), (10, 19), (10, 20), 
(1, 21), (1, 22), (2, 23), (2, 24), (3, 25), 
(3, 26), (4, 27), (4, 28), (5, 29), (5, 30), 
(6, 31), (6, 32), (7, 33), (7, 34), (8, 35), 
(8, 36), (9, 37), (9, 38), (10, 39), (10, 40), 
(1, 41), (1, 42), (2, 43), (2, 44), (3, 45), 
(3, 46), (4, 47), (4, 48), (5, 49), (5, 50);

INSERT INTO CONTENER (codIngrediente, codProdPropio, cantidad) VALUES 
(1, 2, 500), (2, 4, 300), (3, 6, 200), (4, 8, 100), 
(5, 10, 50), (6, 12, 400), (7, 14, 350), (8, 16, 250), 
(9, 18, 150), (10, 20, 100), (11, 22, 300), (12, 24, 200), 
(13, 26, 150), (14, 28, 100), (15, 30, 50), (16, 32, 400), 
(17, 34, 350), (18, 36, 250), (19, 38, 150), (20, 40, 100), 
(21, 42, 300), (22, 44, 200), (23, 46, 150), (24, 48, 100), 
(25, 50, 50), (26, 2, 400), (27, 4, 350), (28, 6, 250), 
(29, 8, 150), (30, 10, 100), (31, 12, 300), (32, 14, 200), 
(33, 16, 150), (34, 18, 100), (35, 20, 50), (36, 22, 400), 
(37, 24, 350), (38, 26, 250), (39, 28, 150), (40, 30, 100), 
(41, 32, 300), (42, 34, 200), (43, 36, 150), (44, 38, 100), 
(45, 40, 50), (46, 42, 400), (47, 44, 350), (48, 46, 250), 
(49, 48, 150), (50, 50, 100);
